generation,specimen_id,total_fitness,alive_bonus,speed,height_diff,forces,distance
0,0,-395.2894999507978,203.0,-101.01612792726186,-18.273372023536293,-79.99999999999964,-399.0
0,1,-255.73341070909927,106.5,0.8277894873968817,-8.061200196496564,-279.9999999999996,-75.0
0,2,-243.85817343315745,122.5,48.842765748976504,-12.200939182134276,-379.99999999999966,-23.0
0,3,-291.2155312249997,89.0,-40.70650347732727,-7.509027747672141,-160.00000000000034,-172.0
0,4,-721.4912111082955,70.0,-61.81068878192314,-7.680522326372029,-580.0000000000003,-142.0
