generation,specimen_id,total_fitness,alive_bonus,speed,height_diff,forces,distance
0,0,-387.9461349261675,87.0,-31.881413806622923,-9.064721119545018,-299.99999999999955,-134.0
0,1,-224.49846886456476,132.5,78.01819556091841,-11.016664425482803,-400.00000000000034,-24.0
0,2,-227.767995938865,97.5,50.70183269429319,-8.969828633157842,-300.00000000000034,-67.0
0,3,-458.73505352682633,96.5,-71.82359913129788,-8.411454395528965,-279.9999999999995,-195.0
0,4,-470.1445863850219,89.5,-26.627821249744855,-8.016765135277586,-419.9999999999995,-105.0
