generation,specimen_id,total_fitness,alive_bonus,speed,height_diff,forces,distance
0,0,-466.91550518265865,86.0,-49.50762687622277,-9.40787830643556,-320.00000000000034,-174.0
0,1,-314.860474490753,100.0,-40.91568097685927,-7.944793513893384,-180.00000000000034,-186.0
0,2,-236.77182976010369,82.0,-64.8087682310701,-7.96306152903394,-79.99999999999963,-166.0
0,3,33.08415873480732,176.5,173.87588297897904,-15.291724244172142,-359.99999999999955,58.0
0,4,-91.39491664058286,144.0,26.74128256733447,-14.136199207917711,-159.99999999999963,-88.0
