generation,specimen_id,total_fitness,alive_bonus,speed,height_diff,forces,distance
0,0,-85.2811047202736,112.0,16.28356409796364,-9.564668818236905,-80.00000000000034,-124.0
0,1,-384.5384972398849,82.0,42.116396928827044,-7.654894168712464,-459.9999999999995,-41.0
0,2,-325.8310477896663,160.5,18.741511242619218,-11.072559032285879,-439.99999999999966,-54.0
0,3,-394.99013184776567,199.0,-53.2564097091367,-20.733722138629314,-119.99999999999964,-400.0
0,4,-452.26700733647857,62.0,-51.23318903934503,-7.033818297133975,-339.99999999999955,-116.0
