generation,specimen_id,total_fitness,alive_bonus,speed,height_diff,forces,distance
0,0,-357.6184801818538,105.5,18.08140675722691,-9.199886939080502,-360.0000000000002,-112.0
0,1,-389.67598959131635,87.0,-16.7814540312574,-7.894535560058602,-320.00000000000034,-132.0
0,2,-345.8538550397516,80.0,-38.59549246098113,-8.258362578770813,-239.99999999999966,-139.0
0,3,204.17669356562817,153.0,60.80933752866846,-13.63264396303999,-3.240074875066057e-13,4.0
0,4,-433.649831858321,59.0,-45.99657067619163,-6.653261182129133,-320.0000000000003,-120.0
