generation,specimen_id,total_fitness,alive_bonus,speed,height_diff,forces,distance
0,0,-208.96208813445867,117.5,40.8967615425647,-11.358849677023821,-319.99999999999955,-36.0
0,1,-35.968928286266475,168.0,26.150194860823685,-13.119123147089812,-140.00000000000034,-77.0
0,2,-185.7818630151798,101.0,27.332491606270924,-10.114354621451115,-199.9999999999996,-104.0
0,3,-448.8547220928531,73.5,-27.176875192357166,-6.1778469004956555,-380.0000000000003,-109.0
0,4,70.08114096996336,91.5,50.872858339893085,-8.291717369930122,-19.99999999999959,-44.0
