generation,specimen_id,total_fitness,alive_bonus,speed,height_diff,forces,distance
0,0,-365.2682799204812,133.0,-59.64057359150633,-10.627706328975318,-159.99999999999955,-268.0
0,1,8.7063472963317,112.0,85.74067154473786,-9.034324248406575,-179.9999999999996,0.0
0,2,-55.389399081422425,72.0,79.85198009026203,-7.241379171684159,-200.00000000000028,0.0
0,3,-788.8484627330159,86.0,-52.678085078878325,-8.170377654137274,-640.0000000000003,-174.0
0,4,-212.26815644347147,109.0,1.6861399431880648,-8.954296386659294,-220.00000000000023,-94.0
