generation,specimen_id,total_fitness,alive_bonus,speed,height_diff,forces,distance
0,0,-180.3416531235963,148.0,20.039573623392204,-11.381226746988245,-200.00000000000028,-137.0
0,1,-270.6311009732451,70.5,-50.890697653569234,-7.240403319675514,-140.00000000000034,-143.0
0,2,-599.8237623984148,105.5,-43.55778099453712,-8.765981403877413,-440.0000000000003,-213.0
0,3,-145.89468938719875,118.0,-14.525295158043535,-9.369394229154834,-100.00000000000037,-140.0
0,4,-530.9705166018908,89.5,-50.225015427425554,-9.245501174464984,-380.0000000000003,-181.0
