generation,specimen_id,total_fitness,alive_bonus,speed,height_diff,forces,distance
0,0,-433.2763004599722,69.0,-53.849447288410026,-8.426853171561898,-300.0000000000003,-140.0
0,1,-134.69004924394187,66.5,-58.54349841793574,-7.6465508260058295,-3.097966327914037e-13,-135.0
0,2,-356.7027361746209,76.5,-69.35980568996763,-8.84293048465368,-199.99999999999955,-155.0
0,3,-451.1687260533455,99.0,32.66634467233708,-9.83507072568231,-480.0000000000003,-93.0
0,4,-250.709253427536,96.5,-42.723675856047244,-9.48557757148909,-99.99999999999966,-195.0
