initial_population,population_size,num_generations,num_parents_mating,mutation_percent_genes,parent_selection_type,k_tournament,keep_elitism,crossover_type,mutation_type,parallel_processing,save_solutions,gene_space,init_range_low,init_range_high,random_mutation_min_val,random_mutation_max_val,num_joints,timesteps
"[[ 1.26236328  1.58465724 -1.49528298 ...  0.39551436  1.76754229
   0.72229061]
 [ 0.36490044 -1.46000052  1.34218258 ...  0.09802326 -1.39085471
   0.36935995]
 [-1.78191566 -1.77862474  1.73366345 ...  1.01101272 -1.87718071
  -1.34282194]
 ...
 [-1.12614438 -1.99999323 -0.63059609 ...  0.26521277  0.89483171
   1.48330377]
 [-0.85097221 -0.32148087  0.46524993 ...  0.299591   -0.02473227
   0.09422662]
 [ 1.12957411 -1.37791764  1.03744691 ... -0.02313871 -1.66855418
  -0.28324729]]",100,100,27,"(10, 10)",tournament,27,2,uniform,adaptive,,False,"{'low': -2, 'high': 2, 'step': 0.01}",-2,2,-0.04,0.04,8,500
