generation,specimen_id,total_fitness,alive_bonus,speed,height_diff,forces,distance
0,0,-491.2345442541919,65.0,-42.785615786453086,-6.448928467738411,-380.0000000000004,-127.0
0,1,-593.2702124874091,66.0,-22.50833411752739,-4.761878369882303,-519.9999999999994,-112.0
0,2,-254.75401414441535,111.5,-0.3091539945032674,-8.94486014991251,-199.99999999999957,-157.0
0,3,81.05229280975665,173.5,42.11235213838431,-14.56005932862736,-120.00000000000033,0.0
0,4,13.438690508927323,98.5,41.21217937663985,-8.27348886771216,-100.00000000000037,-18.0
