generation,specimen_id,total_fitness,alive_bonus,speed,height_diff,forces,distance
0,0,-144.2458790195147,90.5,-32.72991280287816,-10.015966216636167,-40.00000000000038,-152.0
0,1,-139.26693983014928,72.5,48.14335803488959,-6.9102978650384985,-200.00000000000037,-53.0
0,2,-558.721531167,183.5,-15.640457847214801,-14.581073319785688,-419.99999999999955,-292.0
0,3,-315.0805278912768,108.0,37.77901611159169,-10.8595440028682,-380.0000000000003,-70.0
0,4,-335.19581037521743,89.5,-30.157531476664346,-9.538278898553564,-239.99999999999952,-145.0
