generation,specimen_id,total_fitness,alive_bonus,speed,height_diff,forces,distance
0,0,-299.88431324086656,46.5,-26.666723185660224,-4.717590055205969,-220.00000000000037,-95.0
0,1,-393.48737043927065,80.0,48.68677959979067,-7.174150039061047,-480.0000000000003,-35.0
0,2,-10.692694928307972,141.0,51.88473642131342,-13.577431349621063,-100.00000000000033,-90.0
0,3,-491.5090881497715,73.0,-48.839056926716374,-7.670031223054865,-360.0000000000003,-148.0
0,4,-44.2091667928336,115.0,61.39817053754668,-8.607337330379886,-180.0000000000004,-32.0
