generation,specimen_id,total_fitness,alive_bonus,speed,height_diff,forces,distance
0,0,54.67478271500981,90.0,52.33544726572079,-8.66066455071061,-20.000000000000387,-59.0
0,1,-128.16566712733834,97.0,-27.4223523679498,-6.7433147593889275,-39.999999999999616,-151.0
0,2,-286.630132276366,77.5,-38.08697487685656,-9.043157399509868,-159.99999999999955,-157.0
0,3,-393.5073306026982,113.0,-66.62670503223089,-11.880625570467625,-199.99999999999966,-228.0
0,4,-152.5981758525391,86.5,-27.620395510944213,-7.477780341595296,-59.999999999999574,-144.0
