initial_population,population_size,num_generations,num_parents_mating,mutation_percent_genes,parent_selection_type,k_tournament,keep_elitism,crossover_type,mutation_type,parallel_processing,save_solutions,gene_space,init_range_low,init_range_high,random_mutation_min_val,random_mutation_max_val,num_joints,timesteps
"[[-1.81351696  1.20298312 -0.13388897 ... -0.65377298 -0.98440181
  -0.5746584 ]
 [-1.16317807  0.25486928 -0.85787475 ... -1.54640035  0.23251112
  -0.47105282]
 [ 0.42599876 -1.53093468 -1.26581103 ...  0.53561392  0.93018337
   0.76071334]
 ...
 [-0.4627285   1.79533378 -0.0538384  ... -1.99642902  0.43712858
  -1.75929207]
 [-1.3453293   1.85934117  0.95175256 ... -0.5227453   1.95449152
  -1.43342217]
 [-1.90165117 -1.20943449  1.91142849 ... -0.55189374  1.46482275
  -1.04772229]]",50,100,14,"(10, 10)",tournament,14,2,uniform,adaptive,,False,"{'low': -2, 'high': 2, 'step': 0.01}",-2,2,-0.04,0.04,8,500
